<?xml version="1.0" encoding="UTF-8"?>
<project-private xmlns="http://www.netbeans.org/ns/project-private/1">
    <editor-bookmarks xmlns="http://www.netbeans.org/ns/editor-bookmarks/2" lastBookmarkId="0"/>
    <open-files xmlns="http://www.netbeans.org/ns/projectui-open-files/2">
        <group>
            <file>file:/C:/Users/ander/OneDrive/Documents/Ander/java/Proyecto/Proyecto/src/ProyectoFinal/Gimnasio.java</file>
            <file>file:/C:/Users/ander/OneDrive/Documents/Ander/java/Proyecto/Proyecto/src/ProyectoFinal/ACCIONES.java</file>
            <file>file:/C:/Users/ander/OneDrive/Documents/Ander/java/Proyecto/Proyecto/src/ProyectoFinal/Cines.java</file>
            <file>file:/C:/Users/ander/OneDrive/Documents/Ander/java/Proyecto/Proyecto/src/ProyectoFinal/Clases.java</file>
            <file>file:/C:/Users/ander/OneDrive/Documents/Ander/java/Proyecto/Proyecto/src/ProyectoFinal/DatosEmpleados.java</file>
            <file>file:/C:/Users/ander/OneDrive/Documents/Ander/java/Proyecto/Proyecto/src/ProyectoFinal/ProyectoFinal.java</file>
            <file>file:/C:/Users/ander/OneDrive/Documents/Ander/java/Proyecto/Proyecto/src/ProyectoFinal/Historial.java</file>
        </group>
    </open-files>
</project-private>
